,Unnamed: 0,USO_id,RMS,LUFS,dbFS,dist_group,centroid,flatness,onset_slope,time_cog,spectral_slope,centroid_control,onset_delay,onset_delay_avg
0,N_uso_300ms_3_room-10-35-3_dist-2375.wav,3,56.34594,-25.5594,-37.63963,5.0,2570.46902,0.05358,108.08635,0.19961,-2.80182,6425.33807,5e-05,
1,N_uso_300ms_10_room-10-35-3_dist-1080.wav,10,55.57317,-25.0,-38.42115,4.0,7607.37777,0.0771,215.7073,0.24155,-11.12357,9079.78731,0.03166,0.02591
2,N_uso_300ms_25_room-10-35-3_dist-525.wav,25,55.38713,-24.99999,-38.59978,3.0,6439.84001,0.19901,131.68999,0.23089,-14.2107,9781.01857,0.01553,
3,N_uso_300ms_18_room-10-35-3_dist-1200.wav,18,55.80261,-25.00001,-38.18137,4.0,8689.41119,0.28016,161.98913,0.22277,-14.29691,13061.88952,0.03515,0.03515
4,N_uso_300ms_20_room-10-35-3_dist-2750.wav,20,55.115,-25.4907,-38.87482,5.0,5430.17919,0.16358,177.42452,0.25298,-26.59947,11169.41205,7e-05,4e-05
5,N_uso_300ms_14_room-10-35-3_dist-1200.wav,14,54.72269,-24.99999,-39.28,4.0,4773.34826,0.08312,127.82011,0.19648,-8.82234,7001.4014,0.00723,0.02132
6,N_uso_300ms_19_room-10-35-3_dist-2750.wav,19,54.89576,-25.5582,-39.08697,5.0,3066.11625,0.04285,106.84802,0.21585,-5.76488,6219.02942,9e-05,0.00102
7,N_uso_300ms_27_room-10-35-3_dist-22.wav,27,54.43428,-24.99999,-39.55262,1.0,4138.88852,0.06888,193.81576,0.16318,-17.17848,4314.0991,0.00086,0.00081
8,N_uso_300ms_21_room-10-35-3_dist-1200.wav,21,56.04898,-25.44449,-37.94804,4.0,2152.54398,0.02443,248.58578,0.26777,-6.72291,5953.88393,2e-05,5e-05
9,N_uso_300ms_10_room-10-35-3_dist-22.wav,10,54.06501,-24.35528,-39.93872,1.0,8751.86294,0.11942,160.63885,0.20713,-16.12955,9079.78731,0.00084,0.00079
10,N_uso_300ms_18_room-10-35-3_dist-21.wav,18,54.38957,-25.00001,-39.60312,1.0,12151.28772,0.35095,160.54738,0.17445,-23.61297,13061.88952,0.00082,0.00079
11,N_uso_300ms_25_room-10-35-3_dist-1080.wav,25,54.65724,-25.55513,-39.32893,4.0,5368.84122,0.16678,123.0668,0.2198,-17.9524,9781.01857,2e-05,
12,N_uso_300ms_21_room-10-35-3_dist-2250.wav,21,56.07539,-25.44309,-37.90628,5.0,1975.35366,0.01967,248.45606,0.27779,-4.89839,5953.88393,2e-05,4e-05
13,N_uso_300ms_20_room-10-35-3_dist-2625.wav,20,55.14177,-25.48671,-38.85157,5.0,5208.7757,0.16127,152.38786,0.25469,-26.13228,11169.41205,5e-05,4e-05
14,N_uso_300ms_27_room-10-35-3_dist-180.wav,27,54.35465,-24.99999,-39.62848,2.0,3860.77021,0.05279,192.36729,0.18155,-16.64877,4314.0991,0.00546,0.00547
15,N_uso_300ms_17_room-10-35-3_control.wav,17,58.69007,-24.27592,-35.29883,,6556.91326,0.09535,473.1436,0.17199,11.90919,6556.91326,0.00041,
16,N_uso_300ms_25_room-10-35-3_dist-450.wav,25,55.37616,-25.0,-38.62237,3.0,7053.12453,0.21587,128.20343,0.22701,-15.42348,9781.01857,0.01336,
17,N_uso_300ms_20_room-10-35-3_control.wav,20,59.38711,-24.99996,-34.6024,,11169.41205,0.40518,254.9672,0.17549,-52.26075,11169.41205,0.00036,
18,N_uso_300ms_18_room-10-35-3_dist-20.wav,18,54.38445,-25.00005,-39.60312,1.0,12097.49514,0.35263,137.3679,0.17436,-23.4768,13061.88952,0.00079,0.00079
19,N_uso_300ms_17_room-10-35-3_dist-2375.wav,17,54.90891,-24.99994,-39.08697,5.0,4927.51674,0.03357,133.93776,0.25664,-5.45136,6556.91326,0.06939,0.07304
20,N_uso_300ms_14_room-10-35-3_dist-550.wav,14,54.68724,-24.99997,-39.30443,3.0,5081.6798,0.10339,142.656,0.19708,-11.08015,7001.4014,0.01621,0.01476
21,N_uso_300ms_10_room-10-35-3_dist-1320.wav,10,55.62829,-24.99996,-38.35509,4.0,7353.75609,0.094,193.41992,0.24611,-10.73037,9079.78731,0.03864,0.02591
22,N_uso_300ms_27_room-10-35-3_dist-1260.wav,27,54.79723,-25.56022,-39.18295,4.0,3617.70598,0.03995,203.47413,0.21805,-11.9435,4314.0991,0.03692,0.03517
23,N_uso_300ms_14_room-10-35-3_dist-22.wav,14,54.06686,-25.00001,-39.93872,1.0,6215.54713,0.16118,106.54586,0.1718,-15.11999,7001.4014,0.00084,0.00079
24,N_uso_300ms_18_room-10-35-3_dist-2250.wav,18,55.51708,-25.4861,-38.46546,5.0,7256.70084,0.25196,150.9694,0.26145,-12.74337,13061.88952,0.06571,0.07299
25,N_uso_300ms_19_room-10-35-3_dist-2625.wav,19,55.57796,-25.00001,-38.42115,5.0,2896.83909,0.04222,118.59563,0.22463,-6.29464,6219.02942,0.00023,0.00102
26,N_uso_300ms_25_room-10-35-3_dist-1320.wav,25,55.26119,-24.99999,-38.73621,4.0,4948.47066,0.15802,121.43402,0.22281,-18.00063,9781.01857,2e-05,
27,N_uso_300ms_22_room-10-35-3_dist-2375.wav,22,54.21515,-25.76198,-39.78221,5.0,5341.81255,0.13046,93.46533,0.18626,-7.61526,11799.12829,0.06937,0.07301
28,N_uso_300ms_21_room-10-35-3_dist-162.wav,21,54.30504,-24.345,-39.67942,2.0,3831.18022,0.05283,274.00734,0.23085,-12.71526,5953.88393,2e-05,3e-05
29,N_uso_300ms_5_room-10-35-3_dist-550.wav,5,56.16594,-24.99998,-37.82336,3.0,7184.72278,0.22555,252.60242,0.25763,-11.73419,12763.95584,0.01621,0.01476
30,N_uso_300ms_21_room-10-35-3_dist-189.wav,21,54.3216,-24.34517,-39.67942,2.0,3458.99518,0.04632,259.19106,0.22854,-11.89295,5953.88393,7e-05,3e-05
31,N_uso_300ms_14_room-10-35-3_dist-2250.wav,14,54.69405,-25.00001,-39.30443,5.0,4332.77704,0.06386,136.57526,0.2551,-6.43791,7001.4014,0.06571,
32,N_uso_300ms_17_room-10-35-3_dist-500.wav,17,54.63151,-25.00002,-39.3535,3.0,5822.44349,0.05634,152.77396,0.19986,-7.81395,6556.91326,0.01481,
33,N_uso_300ms_7_room-10-35-3_dist-525.wav,7,56.97754,-24.99993,-37.01616,3.0,2891.95784,0.02794,142.34912,0.20163,-5.75713,4387.34448,0.01549,0.01476
34,N_uso_300ms_14_room-10-35-3_dist-20.wav,14,54.1052,-25.0,-39.88624,1.0,6277.71172,0.16786,108.65699,0.17213,-15.05031,7001.4014,0.00079,0.00079
35,N_uso_300ms_2_room-10-35-3_dist-1140.wav,2,56.18289,-25.00002,-37.80275,4.0,3108.16012,0.07686,168.39858,0.25449,-3.6902,5983.07423,0.02238,0.02241
36,N_uso_300ms_27_room-10-35-3_dist-21.wav,27,54.426,-24.99998,-39.57783,1.0,4093.58638,0.07001,187.20906,0.16544,-17.13859,4314.0991,0.00084,0.00081
37,N_uso_300ms_2_room-10-35-3_dist-18.wav,2,54.86418,-24.99999,-39.13483,1.0,4986.59912,0.18824,166.87848,0.20744,-11.69587,5983.07423,0.00073,0.00079
38,N_uso_300ms_10_room-10-35-3_dist-21.wav,10,54.05888,-24.35334,-39.93872,1.0,8771.82764,0.12208,184.40573,0.20795,-16.27235,9079.78731,0.00082,0.00079
39,N_uso_300ms_18_room-10-35-3_dist-22.wav,18,54.40104,-25.00001,-39.60312,1.0,12039.9217,0.35395,139.79433,0.17453,-23.45453,13061.88952,0.00084,0.00079
40,N_uso_300ms_17_room-10-35-3_dist-475.wav,17,53.18979,-25.00001,-40.79557,3.0,5457.59243,0.05206,129.69381,0.20087,-10.09878,6556.91326,0.00016,
41,N_uso_300ms_10_room-10-35-3_dist-20.wav,10,54.11273,-24.35523,-39.88624,1.0,8701.03894,0.12708,161.27755,0.20742,-16.35349,9079.78731,0.00079,0.00079
42,N_uso_300ms_2_room-10-35-3_dist-19.wav,2,54.8706,-24.99999,-39.11087,1.0,4976.86504,0.19028,167.03813,0.20767,-11.85769,5983.07423,0.00075,0.00079
43,N_uso_300ms_7_room-10-35-3_dist-450.wav,7,56.86521,-25.00002,-37.1297,3.0,3020.475,0.02911,155.22026,0.20077,-6.30888,4387.34448,0.01331,0.01476
44,N_uso_300ms_28_room-10-35-3_control.wav,28,60.73816,-25.0,-33.24721,,3538.41813,0.11876,251.49715,0.13738,-49.7979,3538.41813,0.00036,
45,N_uso_300ms_27_room-10-35-3_dist-20.wav,27,54.35689,-24.99999,-39.62848,1.0,4141.72453,0.06939,189.08232,0.1668,-17.54049,4314.0991,0.00082,0.00081
46,N_uso_300ms_5_room-10-35-3_dist-180.wav,5,55.24859,-24.43352,-38.73621,2.0,9457.75022,0.27341,230.08552,0.22637,-19.02512,12763.95584,0.00544,0.00544
47,N_uso_300ms_14_room-10-35-3_dist-21.wav,14,54.08779,-25.0,-39.91244,1.0,6235.04653,0.16433,118.6439,0.17152,-15.10026,7001.4014,0.00082,0.00079
48,N_uso_300ms_3_room-10-35-3_dist-189.wav,3,54.78703,-25.00001,-39.20711,2.0,4099.45827,0.12117,114.75757,0.17081,-10.10267,6425.33807,2e-05,0.0001
49,N_uso_300ms_2_room-10-35-3_dist-2500.wav,2,56.37009,-25.44132,-37.61945,5.0,2688.87583,0.05701,151.35399,0.2636,-2.05059,5983.07423,0.02261,0.01894
50,N_uso_300ms_3_room-10-35-3_dist-162.wav,3,53.77601,-24.99999,-40.206,2.0,4375.76202,0.13172,114.72367,0.17143,-10.75638,6425.33807,9e-05,0.0001
51,N_uso_300ms_27_room-10-35-3_dist-550.wav,27,55.06258,-24.99999,-38.92152,3.0,3597.97007,0.04268,202.57421,0.19529,-14.20572,4314.0991,0.01624,0.01478
52,N_uso_300ms_14_room-10-35-3_dist-180.wav,14,54.95132,-24.99998,-39.03938,2.0,5821.79105,0.12868,124.2493,0.18157,-12.77779,7001.4014,0.00544,0.00544
53,N_uso_300ms_5_room-10-35-3_dist-2500.wav,5,57.8166,-25.36491,-36.17464,5.0,4146.09836,0.1384,245.09686,0.29235,-5.42634,12763.95584,0.01957,
54,N_uso_300ms_11_room-10-35-3_dist-450.wav,11,55.5713,-24.99999,-38.42115,3.0,9668.98266,0.28831,179.06823,0.21432,-9.68767,13178.0649,0.01331,0.01476
55,N_uso_300ms_21_room-10-35-3_dist-171.wav,21,53.5498,-25.00001,-40.45379,2.0,3728.37062,0.04816,248.25447,0.22942,-12.68817,5953.88393,2e-05,3e-05
56,N_uso_300ms_19_room-10-35-3_dist-525.wav,19,55.65263,-25.00002,-38.33319,3.0,4183.71597,0.07642,134.04049,0.24682,-9.781,6219.02942,0.01549,
57,N_uso_300ms_11_room-10-35-3_dist-1140.wav,11,56.23831,-25.00003,-37.74122,4.0,7933.45821,0.26146,185.85284,0.24061,-7.33566,13178.0649,0.0334,0.03515
58,N_uso_300ms_20_room-10-35-3_dist-550.wav,20,55.00168,-25.00001,-38.99204,3.0,7747.20523,0.22481,180.38976,0.24714,-28.83074,11169.41205,0.01621,0.01476
59,N_uso_300ms_14_room-10-35-3_dist-19.wav,14,54.13557,-24.99998,-39.86011,1.0,6294.43934,0.16904,110.93559,0.1728,-15.12351,7001.4014,0.00075,0.00079
60,N_uso_300ms_18_room-10-35-3_dist-500.wav,18,55.44822,-25.00001,-38.53236,3.0,9964.38396,0.29484,154.50092,0.19547,-17.51176,13061.88952,0.01476,0.01476
61,N_uso_300ms_2_room-10-35-3_dist-180.wav,2,54.96577,-24.99999,-39.01568,2.0,4238.04442,0.12401,155.69575,0.22006,-8.97384,5983.07423,0.00544,0.00544
62,N_uso_300ms_27_room-10-35-3_dist-18.wav,27,54.28531,-25.00004,-39.705,1.0,4124.98633,0.06603,187.74388,0.16416,-17.5886,4314.0991,0.00075,0.00081
63,N_uso_300ms_10_room-10-35-3_dist-18.wav,10,54.15911,-24.35225,-39.83407,1.0,8806.06053,0.12256,190.72796,0.20292,-15.78191,9079.78731,0.00073,0.00079
64,N_uso_300ms_2_room-10-35-3_dist-21.wav,2,54.85866,-25.00002,-39.13483,1.0,5031.73121,0.19127,167.10916,0.20788,-11.97681,5983.07423,0.00082,0.00079
65,N_uso_300ms_10_room-10-35-3_dist-475.wav,10,55.1428,-25.00001,-38.85157,3.0,8148.74184,0.10753,210.16329,0.21707,-12.68905,9079.78731,0.01404,
66,N_uso_300ms_28_room-10-35-3_dist-1140.wav,28,56.81571,-25.44382,-37.16788,4.0,1979.1663,0.02604,219.13666,0.25225,-11.80304,3538.41813,0.0334,0.03515
67,N_uso_300ms_28_room-10-35-3_dist-550.wav,28,57.17646,-25.0,-36.81178,3.0,1980.09598,0.02899,188.21213,0.2299,-12.48989,3538.41813,0.01621,0.01476
68,N_uso_300ms_5_room-10-35-3_dist-1140.wav,5,57.08589,-25.00002,-36.90408,4.0,5900.81242,0.19358,248.2616,0.28823,-7.37774,12763.95584,0.0334,0.03253
69,N_uso_300ms_11_room-10-35-3_dist-525.wav,11,55.60789,-25.00003,-38.37706,3.0,9363.49132,0.29473,184.72778,0.21782,-9.38472,13178.0649,0.01549,0.01476
70,N_uso_300ms_2_room-10-35-3_dist-20.wav,2,54.86104,-24.99999,-39.13483,1.0,5028.37017,0.19027,167.54616,0.20762,-11.88608,5983.07423,0.00079,0.00079
71,N_uso_300ms_10_room-10-35-3_dist-19.wav,10,54.17518,-24.35579,-39.8081,1.0,8638.72288,0.12885,163.05122,0.20509,-16.07164,9079.78731,0.00075,0.00079
72,N_uso_300ms_11_room-10-35-3_dist-2500.wav,11,55.88453,-25.43766,-38.0958,5.0,6666.47445,0.23164,192.99978,0.28961,-4.38559,13178.0649,0.07299,0.07299
73,N_uso_300ms_27_room-10-35-3_dist-19.wav,27,54.26476,-25.00002,-39.73066,1.0,4173.73415,0.06688,207.03613,0.16614,-17.47634,4314.0991,0.00077,0.00081
74,N_uso_300ms_19_room-10-35-3_dist-450.wav,19,54.8756,-25.00001,-39.11087,3.0,4167.27195,0.07609,119.41361,0.19393,-9.68678,6219.02942,0.00011,
75,N_uso_300ms_14_room-10-35-3_dist-18.wav,14,54.12728,-24.99999,-39.86011,1.0,6291.01801,0.16825,128.56277,0.17247,-15.1983,7001.4014,0.00073,0.00079
76,N_uso_300ms_3_room-10-35-3_dist-198.wav,3,53.80108,-25.76732,-40.1789,2.0,4110.94027,0.11902,112.32068,0.1743,-10.41148,6425.33807,0.00027,0.0001
77,N_uso_300ms_18_room-10-35-3_dist-475.wav,18,55.3627,-24.99998,-38.62237,3.0,10186.76802,0.30572,155.79275,0.19447,-18.65442,13061.88952,0.01404,0.01476
78,N_uso_300ms_28_room-10-35-3_dist-2500.wav,28,56.66416,-25.40176,-37.3223,5.0,1977.64034,0.02027,193.34571,0.29445,-9.2745,3538.41813,0.07299,0.07299
79,N_uso_300ms_10_room-10-35-3_dist-500.wav,10,55.19871,-25.0,-38.78217,3.0,7952.40508,0.09592,202.06308,0.21851,-12.47325,9079.78731,0.01476,
80,N_uso_300ms_22_room-10-35-3_dist-1320.wav,22,54.59788,-25.76555,-39.40286,4.0,5653.15491,0.14827,101.31039,0.15992,-10.33248,11799.12829,0.03866,0.03517
81,N_uso_300ms_2_room-10-35-3_dist-550.wav,2,55.69725,-25.49633,-38.28954,3.0,3621.20315,0.0956,155.29593,0.23855,-5.42751,5983.07423,0.01621,0.01476
82,N_uso_300ms_25_room-10-35-3_dist-2375.wav,25,56.2245,-25.00002,-37.76168,5.0,4374.70354,0.12577,131.66276,0.29918,-5.25699,9781.01857,0.06939,
83,N_uso_300ms_20_room-10-35-3_dist-1260.wav,20,55.04555,-24.99999,-38.94496,4.0,6333.5305,0.18817,242.38554,0.23632,-27.23231,11169.41205,7e-05,
84,N_uso_300ms_3_room-10-35-3_dist-171.wav,3,53.98146,-25.76844,-40.01804,2.0,4279.14788,0.12941,113.91614,0.16892,-10.63035,6425.33807,9e-05,0.0001
85,N_uso_300ms_19_room-10-35-3_dist-1260.wav,19,55.6311,-25.43798,-38.35509,4.0,3718.26747,0.05718,146.2946,0.27883,-7.60353,6219.02942,0.03689,0.02812
86,N_uso_300ms_2_room-10-35-3_dist-22.wav,2,54.86239,-25.00001,-39.13483,1.0,5036.17214,0.19057,166.96721,0.20835,-12.07422,5983.07423,0.00084,0.00079
87,N_uso_300ms_7_room-10-35-3_dist-1200.wav,7,56.5275,-25.0,-37.45971,4.0,2749.86045,0.02407,152.37271,0.224,-5.68985,4387.34448,0.03515,0.03515
88,N_uso_300ms_27_room-10-35-3_dist-2625.wav,27,55.27813,-24.99997,-38.71333,5.0,3232.06119,0.03266,190.35085,0.2317,-10.21155,4314.0991,0.04084,0.03853
89,N_uso_300ms_18_room-10-35-3_dist-18.wav,18,54.42465,-25.00001,-39.57783,1.0,12143.29081,0.35507,204.38699,0.17377,-23.45484,13061.88952,0.00073,0.00079
90,N_uso_300ms_20_room-10-35-3_dist-180.wav,20,54.32254,-25.00001,-39.67942,2.0,9301.20968,0.25616,170.00015,0.22313,-31.66146,11169.41205,0.00544,0.00544
91,N_uso_300ms_10_room-10-35-3_dist-2375.wav,10,55.59397,-25.43875,-38.39907,5.0,6830.27376,0.08476,184.25417,0.27122,-9.14864,9079.78731,0.06934,0.07299
92,N_uso_300ms_3_room-10-35-3_dist-1080.wav,3,55.49161,-25.56093,-38.48771,4.0,3028.06283,0.07304,121.60356,0.20662,-7.05834,6425.33807,0.00011,
93,N_uso_300ms_22_room-10-35-3_dist-450.wav,22,56.33992,-25.0,-37.63963,3.0,6582.46469,0.18139,100.28924,0.12621,-13.44204,11799.12829,0.01333,0.01478
94,N_uso_300ms_17_room-10-35-3_dist-1320.wav,17,53.904,-24.99999,-40.0981,4.0,5258.23238,0.05064,111.59784,0.20813,-7.78066,6556.91326,0.00014,
95,N_uso_300ms_7_room-10-35-3_dist-2250.wav,7,56.73056,-24.99998,-37.26407,5.0,2543.49663,0.02043,145.49495,0.26358,-3.39426,4387.34448,0.06571,0.07289
96,N_uso_300ms_5_room-10-35-3_control.wav,5,59.28055,-25.00003,-34.70265,,12763.95584,0.45129,215.84808,0.16402,-72.11645,12763.95584,0.00036,
97,N_uso_300ms_18_room-10-35-3_dist-19.wav,18,54.38183,-25.00001,-39.60312,1.0,12177.61241,0.35356,139.28413,0.17458,-23.33066,13061.88952,0.00075,0.00079
98,N_uso_300ms_22_room-10-35-3_dist-1080.wav,22,55.09959,-25.00001,-38.89814,4.0,5734.62917,0.1529,104.37762,0.14661,-11.28775,11799.12829,0.03168,0.03517
99,N_uso_300ms_27_room-10-35-3_dist-2750.wav,27,54.63296,-25.55761,-39.3535,5.0,3098.71004,0.02979,189.98663,0.23364,-9.42955,4314.0991,0.04107,0.03853
100,N_uso_300ms_17_room-10-35-3_dist-1080.wav,17,53.18074,-24.99999,-40.82467,4.0,5120.15665,0.04117,113.61163,0.20662,-7.56496,6556.91326,2e-05,
101,N_uso_300ms_28_room-10-35-3_dist-180.wav,28,56.48778,-25.00001,-37.49937,2.0,2487.75884,0.04589,192.5405,0.21076,-15.77421,3538.41813,0.00544,0.00544
102,N_uso_300ms_3_room-10-35-3_dist-1320.wav,3,56.00552,-25.49149,-37.99,4.0,3414.35885,0.07895,133.82496,0.24066,-3.07517,6425.33807,0.03864,
103,N_uso_300ms_22_room-10-35-3_dist-525.wav,22,55.12579,-25.93698,-38.87482,3.0,6366.15536,0.17669,105.70291,0.12587,-11.82527,11799.12829,0.01551,0.01478
104,N_uso_300ms_21_room-10-35-3_dist-198.wav,21,54.48423,-24.99999,-39.50241,2.0,3457.45823,0.04922,695.68751,0.23238,-11.72862,5953.88393,2e-05,3e-05
105,N_uso_300ms_25_room-10-35-3_dist-1140.wav,25,54.6105,-25.55795,-39.37815,4.0,5257.05267,0.16697,122.75129,0.21851,-18.86562,9781.01857,0.00014,
106,N_uso_300ms_7_room-10-35-3_dist-21.wav,7,56.18933,-25.00001,-37.80275,1.0,3753.45552,0.04896,159.23928,0.18227,-6.11733,4387.34448,0.00082,0.00079
107,N_uso_300ms_27_room-10-35-3_dist-525.wav,27,55.07862,-25.00002,-38.92152,3.0,3786.90844,0.04263,195.15787,0.18628,-13.89985,4314.0991,0.01551,0.01478
108,N_uso_300ms_22_room-10-35-3_dist-18.wav,22,54.6013,-25.0,-39.37815,1.0,8073.66453,0.25393,98.8453,0.11735,-19.92577,11799.12829,0.00075,0.00081
109,N_uso_300ms_11_room-10-35-3_dist-19.wav,11,54.22647,-25.0,-39.7564,1.0,12000.14116,0.35611,177.8441,0.19036,-15.94489,13178.0649,0.00075,0.00079
110,N_uso_300ms_3_room-10-35-3_dist-20.wav,3,53.90986,-25.0,-40.07133,1.0,4748.36316,0.16491,121.90862,0.16053,-13.16585,6425.33807,2e-05,5e-05
111,N_uso_300ms_10_room-10-35-3_dist-1140.wav,10,55.09931,-25.49233,-38.89814,4.0,7629.24488,0.09509,204.54489,0.2277,-11.18689,9079.78731,0.01118,0.02591
112,N_uso_300ms_25_room-10-35-3_dist-2500.wav,25,56.2085,-25.39664,-37.78219,5.0,4941.25744,0.14992,123.29578,0.30126,-4.58472,9781.01857,0.07304,
113,N_uso_300ms_25_room-10-35-3_dist-180.wav,25,54.77597,-24.99997,-39.20711,2.0,7718.53103,0.24407,125.20676,0.21142,-19.29577,9781.01857,0.00549,
114,N_uso_300ms_17_room-10-35-3_dist-171.wav,17,53.48284,-25.0,-40.50983,2.0,5941.07403,0.06174,145.62802,0.19197,-7.97356,6556.91326,0.00524,0.00549
115,N_uso_300ms_27_room-10-35-3_dist-450.wav,27,54.30119,-24.99999,-39.67942,3.0,3741.93887,0.0436,213.67425,0.18706,-14.28343,4314.0991,0.01333,0.01478
116,N_uso_300ms_3_room-10-35-3_dist-21.wav,3,53.90495,-24.99997,-40.0981,1.0,4728.80301,0.16458,121.58317,0.16025,-13.14458,6425.33807,2e-05,5e-05
117,N_uso_300ms_11_room-10-35-3_dist-18.wav,11,54.22061,-25.00002,-39.78221,1.0,11996.63535,0.35956,180.3466,0.19045,-15.96881,13178.0649,0.00073,0.00079
118,N_uso_300ms_7_room-10-35-3_dist-550.wav,7,56.82034,-25.00001,-37.16788,3.0,2805.87677,0.02708,148.60188,0.2053,-5.86299,4387.34448,0.01621,0.01476
119,N_uso_300ms_22_room-10-35-3_dist-19.wav,22,54.59162,-24.99996,-39.40286,1.0,8184.11175,0.25606,99.76704,0.11766,-19.94714,11799.12829,0.00077,0.00081
120,N_uso_300ms_7_room-10-35-3_dist-20.wav,7,56.20157,-25.00001,-37.78219,1.0,3652.55976,0.04931,163.45814,0.18195,-6.16748,4387.34448,0.00079,0.00079
121,N_uso_300ms_10_room-10-35-3_dist-2500.wav,10,55.24013,-25.43721,-38.75916,5.0,6879.60513,0.08097,179.73929,0.2887,-9.5726,9079.78731,0.07299,0.07299
122,N_uso_300ms_18_room-10-35-3_dist-162.wav,18,55.12513,-24.35287,-38.87482,2.0,11397.99529,0.31603,156.0197,0.18204,-20.77146,13061.88952,0.00492,0.00544
123,N_uso_300ms_27_room-10-35-3_dist-2250.wav,27,54.86588,-25.55654,-39.13483,5.0,3265.38337,0.03024,201.53368,0.22306,-9.45781,4314.0991,0.03472,0.03853
124,N_uso_300ms_18_room-10-35-3_dist-189.wav,18,55.17214,-24.99999,-38.82837,2.0,11129.0634,0.31698,160.60447,0.18301,-20.32246,13061.88952,0.00571,0.00544
125,N_uso_300ms_5_room-10-35-3_dist-525.wav,5,56.27845,-25.0,-37.72081,3.0,7050.68541,0.22048,233.75029,0.25225,-11.81625,12763.95584,0.01549,0.01476
126,N_uso_300ms_18_room-10-35-3_dist-1260.wav,18,55.67092,-24.99999,-38.31134,4.0,8620.26257,0.27211,165.20084,0.22886,-14.37152,13061.88952,0.03689,0.03515
127,N_uso_300ms_7_room-10-35-3_dist-22.wav,7,56.18703,-25.00002,-37.80275,1.0,3653.53437,0.04901,162.29918,0.18263,-6.11954,4387.34448,0.00084,0.00079
128,N_uso_300ms_14_room-10-35-3_dist-1260.wav,14,54.61254,-25.0,-39.37815,4.0,4765.8004,0.08463,145.4637,0.20634,-9.02694,7001.4014,0.01816,0.02132
129,N_uso_300ms_2_room-10-35-3_dist-1080.wav,2,56.16131,-25.00001,-37.82336,4.0,3180.80186,0.07839,168.86621,0.25428,-3.78693,5983.07423,0.02227,0.02241
130,N_uso_300ms_11_room-10-35-3_dist-2375.wav,11,55.89632,-25.43978,-38.0958,5.0,6657.1274,0.23452,185.02518,0.28301,-4.33652,13178.0649,0.06934,0.07299
131,N_uso_300ms_17_room-10-35-3_dist-198.wav,17,53.65706,-25.0,-40.34279,2.0,6052.98541,0.0699,150.7125,0.1937,-7.65916,6556.91326,0.00601,0.00549
132,N_uso_300ms_21_room-10-35-3_dist-1260.wav,21,55.96896,-25.44439,-38.01105,4.0,2182.8739,0.02445,350.86175,0.27394,-7.75766,5953.88393,7e-05,5e-05
133,N_uso_300ms_14_room-10-35-3_dist-525.wav,14,54.61632,-25.00001,-39.37815,3.0,5116.94376,0.09927,138.90519,0.1953,-10.41625,7001.4014,0.01549,0.01476
134,N_uso_300ms_7_room-10-35-3_dist-2750.wav,7,56.46085,-25.44169,-37.51927,5.0,2431.93315,0.01909,133.72981,0.27544,-3.06839,4387.34448,0.07977,0.07289
135,N_uso_300ms_28_room-10-35-3_dist-2375.wav,28,56.84423,-25.4001,-37.14877,5.0,1863.5637,0.01896,182.21415,0.29476,-10.37415,3538.41813,0.06934,0.07299
136,N_uso_300ms_19_room-10-35-3_dist-19.wav,19,54.41247,-25.0,-39.57783,1.0,5474.86524,0.13109,161.06279,0.21516,-15.91184,6219.02942,0.00075,0.00079
137,N_uso_300ms_19_room-10-35-3_dist-18.wav,19,54.42643,-25.00002,-39.57783,1.0,5637.20525,0.13634,133.51662,0.21449,-15.76828,6219.02942,0.00073,0.00079
138,N_uso_300ms_5_room-10-35-3_dist-450.wav,5,56.18985,-24.99996,-37.80275,3.0,7465.37863,0.22701,246.09645,0.24757,-12.91189,12763.95584,0.01331,0.01476
139,N_uso_300ms_7_room-10-35-3_dist-180.wav,7,56.35627,-24.99994,-37.63963,2.0,3501.65345,0.03849,164.33498,0.18744,-5.80249,4387.34448,0.00544,0.00544
140,N_uso_300ms_5_room-10-35-3_dist-2375.wav,5,57.66617,-25.36354,-36.3296,5.0,4780.52972,0.16296,249.7609,0.31641,-0.8279,12763.95584,0.06934,
141,N_uso_300ms_2_room-10-35-3_dist-1320.wav,2,56.27141,-25.0,-37.72081,4.0,3094.6133,0.07602,150.80728,0.2553,-3.0101,5983.07423,0.02254,0.02241
142,N_uso_300ms_10_room-10-35-3_dist-189.wav,10,52.99296,-25.0,-41.00134,2.0,8236.59829,0.10078,152.98441,0.16916,-14.32129,9079.78731,5e-05,
143,N_uso_300ms_3_room-10-35-3_dist-22.wav,3,53.88363,-24.99997,-40.0981,1.0,4726.6867,0.16302,121.3016,0.16031,-13.15871,6425.33807,2e-05,5e-05
144,N_uso_300ms_10_room-10-35-3_dist-162.wav,10,54.14238,-25.0,-39.86011,2.0,8466.42096,0.09283,181.39232,0.21182,-14.43643,9079.78731,0.00492,
145,N_uso_300ms_14_room-10-35-3_dist-450.wav,14,54.7817,-25.00002,-39.20711,3.0,5361.38585,0.1147,136.70722,0.19338,-10.9384,7001.4014,0.01331,0.01476
146,N_uso_300ms_27_room-10-35-3_dist-1200.wav,27,54.94433,-25.56137,-39.03938,4.0,3586.74137,0.03977,204.99169,0.21176,-11.76109,4314.0991,0.03517,0.03517
147,N_uso_300ms_7_room-10-35-3_dist-2625.wav,7,56.51555,-25.43876,-37.47952,5.0,2408.40554,0.01709,129.32178,0.27677,-3.23287,4387.34448,0.07662,0.07289
148,N_uso_300ms_25_room-10-35-3_dist-550.wav,25,54.55475,-25.00001,-39.42764,3.0,6018.19808,0.18467,129.31433,0.20744,-19.66914,9781.01857,0.00014,
149,N_uso_300ms_28_room-10-35-3_dist-1080.wav,28,56.98328,-25.0,-36.99738,4.0,2035.88883,0.02579,224.31374,0.23707,-11.8774,3538.41813,0.03166,0.03515
150,N_uso_300ms_3_room-10-35-3_dist-475.wav,3,55.12479,-25.64787,-38.87482,3.0,3669.68356,0.10082,118.28347,0.18134,-7.82503,6425.33807,5e-05,4e-05
151,N_uso_300ms_20_room-10-35-3_dist-1200.wav,20,55.50168,-25.0,-38.48771,4.0,6656.39381,0.20079,184.80982,0.27245,-26.20284,11169.41205,0.03515,
152,N_uso_300ms_18_room-10-35-3_dist-2750.wav,18,55.84861,-25.44154,-38.13848,5.0,7293.94095,0.24158,159.66629,0.27931,-9.81834,13061.88952,0.08027,0.07299
153,N_uso_300ms_22_room-10-35-3_dist-550.wav,22,56.12393,-24.99999,-37.86472,3.0,6473.79744,0.18514,97.80458,0.13153,-12.33844,11799.12829,0.01624,0.01478
154,N_uso_300ms_18_room-10-35-3_dist-198.wav,18,55.14469,-25.0,-38.85157,2.0,11100.82637,0.3142,164.45071,0.18464,-19.95131,13061.88952,0.00596,0.00544
155,N_uso_300ms_14_room-10-35-3_dist-2750.wav,14,54.67138,-25.55531,-39.32893,5.0,4346.35789,0.07467,138.50652,0.21311,-6.27646,7001.4014,0.02011,
156,N_uso_300ms_22_room-10-35-3_dist-22.wav,22,54.49856,-25.00003,-39.50241,1.0,8288.74991,0.26364,99.65949,0.12069,-20.26039,11799.12829,0.00086,0.00081
157,N_uso_300ms_11_room-10-35-3_dist-180.wav,11,54.87068,-25.00001,-39.11087,2.0,11051.05535,0.31405,204.50983,0.19969,-12.69802,13178.0649,0.00544,0.00544
158,N_uso_300ms_11_room-10-35-3_dist-1080.wav,11,56.18089,-25.00001,-37.80275,4.0,8262.7691,0.26566,189.1512,0.24173,-7.17459,13178.0649,0.03166,0.03515
159,N_uso_300ms_2_room-10-35-3_dist-2375.wav,2,56.36107,-25.44021,-37.61945,5.0,2763.37675,0.05942,149.90971,0.26484,-2.17285,5983.07423,0.02256,0.01894
160,N_uso_300ms_17_room-10-35-3_dist-189.wav,17,53.52743,-25.00002,-40.45379,2.0,5576.47258,0.05717,142.78083,0.19537,-7.81955,6556.91326,0.00576,0.00549
161,N_uso_300ms_5_room-10-35-3_dist-1320.wav,5,56.97754,-25.40194,-37.01616,4.0,5591.36494,0.18138,254.51081,0.27842,-6.73695,12763.95584,0.02556,0.03253
162,N_uso_300ms_21_room-10-35-3_dist-2750.wav,21,56.72736,-25.40237,-37.26407,5.0,1541.7142,0.01516,253.87831,0.2925,-4.32337,5953.88393,5e-05,4e-05
163,N_uso_300ms_17_room-10-35-3_dist-162.wav,17,53.47633,-25.00004,-40.50983,2.0,6186.51308,0.06804,142.10939,0.19429,-8.25857,6556.91326,0.00497,0.00549
164,N_uso_300ms_19_room-10-35-3_dist-1200.wav,19,54.80909,-24.99999,-39.18295,4.0,3525.60547,0.05513,119.35628,0.20852,-8.27579,6219.02942,2e-05,0.02812
165,N_uso_300ms_7_room-10-35-3_dist-1260.wav,7,56.43003,-25.49218,-37.5592,4.0,2617.53345,0.02232,162.64332,0.23042,-5.41944,4387.34448,0.03689,0.03515
166,N_uso_300ms_2_room-10-35-3_dist-450.wav,2,55.69421,-25.0,-38.28954,3.0,3815.59389,0.10524,151.77685,0.23271,-5.76453,5983.07423,0.01331,0.01476
167,N_uso_300ms_21_room-10-35-3_control.wav,21,57.825,-24.99998,-36.1576,,5953.88393,0.13182,306.91313,0.13639,-48.4381,5953.88393,2e-05,
168,N_uso_300ms_19_room-10-35-3_dist-20.wav,19,54.38071,-25.0,-39.60312,1.0,5515.26745,0.12551,161.42643,0.21608,-15.80547,6219.02942,0.00079,0.00079
169,N_uso_300ms_19_room-10-35-3_dist-21.wav,19,54.40413,-25.00001,-39.57783,1.0,5432.57051,0.13015,130.97684,0.21542,-15.8899,6219.02942,0.00082,0.00079
170,N_uso_300ms_19_room-10-35-3_dist-2250.wav,19,54.88651,-25.55787,-39.11087,5.0,3205.39362,0.04463,121.21485,0.2173,-6.96379,6219.02942,2e-05,0.00102
171,N_uso_300ms_19_room-10-35-3_dist-180.wav,19,55.1354,-24.44258,-38.85157,2.0,4837.02743,0.10492,128.99483,0.22649,-13.26791,6219.02942,0.00544,0.00544
172,N_uso_300ms_18_room-10-35-3_dist-2625.wav,18,55.93533,-25.44147,-38.05332,5.0,7095.65598,0.24583,160.45268,0.27337,-10.67538,13061.88952,0.07662,0.07299
173,N_uso_300ms_3_room-10-35-3_dist-500.wav,3,55.21243,-25.64601,-38.78217,3.0,3524.38807,0.09522,116.4925,0.1838,-7.3595,6425.33807,2e-05,4e-05
174,N_uso_300ms_10_room-10-35-3_dist-198.wav,10,52.93147,-25.0,-41.06104,2.0,8206.03373,0.09156,149.52634,0.16745,-13.97632,9079.78731,2e-05,
175,N_uso_300ms_28_room-10-35-3_dist-1320.wav,28,57.11831,-25.39989,-36.86704,4.0,1858.83603,0.02427,184.82887,0.26585,-10.69286,3538.41813,0.03864,0.03515
176,N_uso_300ms_14_room-10-35-3_dist-2625.wav,14,54.71136,-25.5577,-39.28,5.0,4186.61431,0.07248,149.52856,0.21066,-7.02659,7001.4014,0.01374,
177,N_uso_300ms_11_room-10-35-3_dist-22.wav,11,54.22183,-25.00003,-39.78221,1.0,11895.6194,0.35611,180.51165,0.19055,-15.90137,13178.0649,0.00084,0.00079
178,N_uso_300ms_20_room-10-35-3_dist-2250.wav,20,55.0404,-25.49141,-38.94496,5.0,5614.04835,0.17462,178.16316,0.25123,-26.41291,11169.41205,2e-05,4e-05
179,N_uso_300ms_21_room-10-35-3_dist-2625.wav,21,56.32001,-25.44092,-37.65985,5.0,1705.20756,0.01675,234.33331,0.28811,-4.68343,5953.88393,5e-05,4e-05
180,N_uso_300ms_5_room-10-35-3_dist-1080.wav,5,56.58443,-25.40194,-37.40055,4.0,6110.01799,0.19323,249.23972,0.28991,-7.74211,12763.95584,0.03166,0.03253
181,N_uso_300ms_25_room-10-35-3_control.wav,25,59.83142,-25.00001,-34.1583,,9781.01857,0.41368,268.60195,0.16032,-59.07963,9781.01857,0.00039,
182,N_uso_300ms_11_room-10-35-3_dist-1320.wav,11,56.1587,-25.00004,-37.82336,4.0,7873.04065,0.25985,189.11137,0.24835,-6.63404,13178.0649,0.03864,0.03515
183,N_uso_300ms_2_room-10-35-3_dist-525.wav,2,55.67356,-25.00001,-38.31134,3.0,3675.95817,0.09463,150.72936,0.23923,-5.85078,5983.07423,0.01549,0.01476
184,N_uso_300ms_3_room-10-35-3_dist-1140.wav,3,55.52586,-25.56127,-38.46546,4.0,2941.1579,0.07133,118.61308,0.20539,-6.87118,6425.33807,0.00018,
185,N_uso_300ms_7_room-10-35-3_dist-18.wav,7,56.17382,-24.99998,-37.82336,1.0,3692.58019,0.04934,161.54849,0.1828,-6.3281,4387.34448,0.00073,0.00079
186,N_uso_300ms_22_room-10-35-3_dist-21.wav,22,54.37294,-24.99999,-39.62848,1.0,8326.43091,0.26584,98.28437,0.12264,-20.47882,11799.12829,0.00084,0.00081
187,N_uso_300ms_17_room-10-35-3_dist-2500.wav,17,54.8282,-25.48804,-39.15885,5.0,4730.48645,0.03641,132.13524,0.26543,-6.18371,6556.91326,0.07304,0.07304
188,N_uso_300ms_21_room-10-35-3_dist-475.wav,21,55.15243,-24.99999,-38.82837,3.0,2960.81136,0.03594,252.28045,0.24408,-9.49784,5953.88393,2e-05,2e-05
189,N_uso_300ms_3_room-10-35-3_dist-19.wav,3,53.87997,-25.00001,-40.12495,1.0,4773.66066,0.16669,122.08067,0.16105,-13.35913,6425.33807,9e-05,5e-05
190,N_uso_300ms_11_room-10-35-3_dist-20.wav,11,54.19958,-25.0,-39.78221,1.0,11911.01254,0.35793,178.21873,0.19063,-15.90322,13178.0649,0.00079,0.00079
191,N_uso_300ms_22_room-10-35-3_dist-2500.wav,22,53.92125,-25.754,-40.07133,5.0,5246.6716,0.13312,97.00797,0.19609,-7.92493,11799.12829,0.07302,0.07301
192,N_uso_300ms_10_room-10-35-3_dist-171.wav,10,54.26029,-25.00001,-39.73066,2.0,8457.48809,0.09322,192.16007,0.2099,-14.12435,9079.78731,0.00519,
193,N_uso_300ms_22_room-10-35-3_dist-180.wav,22,55.63602,-24.99998,-38.35509,2.0,7452.33499,0.2243,105.00394,0.12759,-15.61872,11799.12829,0.00546,0.00547
194,N_uso_300ms_20_room-10-35-3_dist-450.wav,20,54.95648,-25.0,-39.03938,3.0,8266.19231,0.24241,167.28693,0.24008,-29.41429,11169.41205,0.01331,0.01476
195,N_uso_300ms_11_room-10-35-3_dist-550.wav,11,55.63467,-24.99999,-38.35509,3.0,9314.32223,0.28659,184.31177,0.21836,-9.17014,13178.0649,0.01621,0.01476
196,N_uso_300ms_28_room-10-35-3_dist-525.wav,28,57.2878,-25.00001,-36.70229,3.0,2112.24801,0.03019,196.59933,0.22118,-12.12359,3538.41813,0.01549,0.01476
197,N_uso_300ms_19_room-10-35-3_dist-22.wav,19,54.43344,-25.00002,-39.55262,1.0,5466.57813,0.13547,162.8208,0.21506,-15.82182,6219.02942,0.00084,0.00079
198,N_uso_300ms_3_room-10-35-3_dist-2500.wav,3,56.29093,-25.43943,-37.70044,5.0,3269.23722,0.07122,126.35009,0.27731,-1.2687,6425.33807,0.07299,
199,N_uso_300ms_17_room-10-35-3_dist-1140.wav,17,54.63184,-25.55325,-39.3535,4.0,5218.26176,0.04777,132.23903,0.22152,-7.56994,6556.91326,0.03345,
200,N_uso_300ms_21_room-10-35-3_dist-500.wav,21,54.48175,-25.56624,-39.50241,3.0,2999.4078,0.03361,412.85359,0.24519,-9.39321,5953.88393,2e-05,2e-05
201,N_uso_300ms_11_room-10-35-3_dist-21.wav,11,54.18992,-25.0,-39.8081,1.0,11972.67914,0.35203,179.85862,0.19064,-15.90621,13178.0649,0.00082,0.00079
202,N_uso_300ms_3_room-10-35-3_dist-18.wav,3,53.8796,-25.00002,-40.12495,1.0,4798.62718,0.16661,122.47371,0.16045,-13.23229,6425.33807,9e-05,5e-05
203,N_uso_300ms_20_room-10-35-3_dist-525.wav,20,54.9874,-24.99995,-38.99204,3.0,7861.78761,0.22852,155.8667,0.24593,-28.97106,11169.41205,0.01549,0.01476
204,N_uso_300ms_19_room-10-35-3_dist-550.wav,19,55.70533,-24.99999,-38.28954,3.0,4278.78296,0.07557,137.04481,0.2463,-9.8552,6219.02942,0.01621,
205,N_uso_300ms_22_room-10-35-3_dist-20.wav,22,54.44662,-25.0,-39.55262,1.0,8252.16368,0.26428,100.83773,0.12183,-20.4138,11799.12829,0.00082,0.00081
206,N_uso_300ms_22_room-10-35-3_dist-1140.wav,22,55.12268,-25.7675,-38.87482,4.0,5876.36292,0.15945,102.63615,0.1538,-11.03653,11799.12829,0.03342,0.03517
207,N_uso_300ms_7_room-10-35-3_dist-19.wav,7,56.19539,-25.0,-37.80275,1.0,3706.14175,0.04974,163.42756,0.18232,-6.24114,4387.34448,0.00075,0.00079
208,N_uso_300ms_28_room-10-35-3_dist-450.wav,28,57.13827,-25.0,-36.84858,3.0,2053.39422,0.03238,188.70002,0.22189,-12.93043,3538.41813,0.01331,0.01476
209,N_uso_300ms_18_room-10-35-3_dist-171.wav,18,55.13445,-24.99995,-38.85157,2.0,11353.43251,0.31664,163.83577,0.18247,-20.39429,13061.88952,0.00519,0.00544
210,N_uso_300ms_27_room-10-35-3_dist-2500.wav,27,54.64157,-25.55802,-39.3535,5.0,3292.32715,0.03258,183.76059,0.2314,-9.31118,4314.0991,0.04082,0.03853
211,N_uso_300ms_28_room-10-35-3_dist-475.wav,28,56.55003,-24.99999,-37.43995,3.0,2287.18831,0.03438,203.61495,0.21481,-12.97107,3538.41813,0.01404,0.01476
212,N_uso_300ms_28_room-10-35-3_dist-19.wav,28,55.76457,-25.0,-38.22448,1.0,2800.28953,0.06345,184.07726,0.1987,-17.4165,3538.41813,0.00075,0.00079
213,N_uso_300ms_2_room-10-35-3_control.wav,2,59.7926,-25.00002,-34.19898,,5983.07423,0.28398,263.73299,0.15781,-23.91829,5983.07423,0.00036,
214,N_uso_300ms_20_room-10-35-3_dist-500.wav,20,54.98871,-25.00003,-38.99204,3.0,8139.39114,0.23706,178.37609,0.24378,-29.18008,11169.41205,0.01476,0.01476
215,N_uso_300ms_18_room-10-35-3_dist-550.wav,18,55.38801,-25.00001,-38.59978,3.0,9681.10079,0.29622,161.5892,0.19994,-17.476,13061.88952,0.01621,0.01476
216,N_uso_300ms_22_room-10-35-3_dist-198.wav,22,55.72475,-25.00005,-38.2678,2.0,7514.93459,0.2235,102.52445,0.12703,-15.72728,11799.12829,0.00599,0.00547
217,N_uso_300ms_21_room-10-35-3_dist-525.wav,21,55.02899,-24.99999,-38.96847,3.0,2808.50397,0.03106,247.81256,0.24622,-10.04285,5953.88393,2e-05,2e-05
218,N_uso_300ms_19_room-10-35-3_dist-171.wav,19,54.46965,-24.99998,-39.52748,2.0,4669.21415,0.08848,138.03218,0.22625,-13.68722,6219.02942,0.00519,0.00544
219,N_uso_300ms_27_room-10-35-3_dist-1140.wav,27,54.69565,-25.56082,-39.30443,4.0,3577.16408,0.04067,214.69026,0.21828,-11.80938,4314.0991,0.03342,0.03517
220,N_uso_300ms_28_room-10-35-3_dist-500.wav,28,57.00925,-25.00001,-36.97864,3.0,2132.95162,0.03255,203.13571,0.22499,-13.35631,3538.41813,0.01476,0.01476
221,N_uso_300ms_20_room-10-35-3_dist-475.wav,20,55.00165,-24.99997,-38.99204,3.0,8128.715,0.23986,168.78114,0.24094,-29.5415,11169.41205,0.01404,0.01476
222,N_uso_300ms_25_room-10-35-3_dist-189.wav,25,54.73912,-25.0,-39.25563,2.0,7934.07854,0.24949,125.83273,0.21128,-19.2212,9781.01857,0.00576,
223,N_uso_300ms_25_room-10-35-3_dist-162.wav,25,53.69454,-24.99998,-40.28781,2.0,7447.75031,0.24274,123.9226,0.19176,-23.74464,9781.01857,0.00011,
224,N_uso_300ms_21_room-10-35-3_dist-450.wav,21,54.41306,-24.99999,-39.57783,3.0,2994.20219,0.0325,260.91559,0.24137,-9.92259,5953.88393,2e-05,2e-05
225,N_uso_300ms_11_room-10-35-3_dist-171.wav,11,54.81832,-25.00001,-39.18295,2.0,11089.80634,0.31641,200.18666,0.20058,-13.01116,13178.0649,0.00519,0.00544
226,N_uso_300ms_28_room-10-35-3_dist-18.wav,28,55.82787,-24.99998,-38.1599,1.0,2793.12455,0.06406,183.4997,0.19619,-17.48987,3538.41813,0.00073,0.00079
227,N_uso_300ms_5_room-10-35-3_dist-22.wav,5,54.42802,-25.0,-39.55262,1.0,10756.81055,0.33591,222.55662,0.2122,-23.41294,12763.95584,0.00084,0.00079
228,N_uso_300ms_10_room-10-35-3_dist-550.wav,10,55.24537,-25.0,-38.73621,3.0,7947.23824,0.09728,206.73545,0.22158,-10.91107,9079.78731,0.01621,
229,N_uso_300ms_2_room-10-35-3_dist-1260.wav,2,56.24343,-25.44417,-37.74122,4.0,3056.32486,0.07403,156.80383,0.25559,-3.3614,5983.07423,0.02249,0.02241
230,N_uso_300ms_2_room-10-35-3_dist-500.wav,2,56.20242,-24.99998,-37.78219,3.0,3767.19482,0.1073,148.57171,0.23747,-5.93003,5983.07423,0.01476,0.01476
231,N_uso_300ms_20_room-10-35-3_dist-19.wav,20,53.70076,-25.00001,-40.28781,1.0,10423.14915,0.32002,144.98177,0.21081,-32.49949,11169.41205,0.00075,0.00079
232,N_uso_300ms_17_room-10-35-3_dist-19.wav,17,53.04286,-24.99999,-40.94205,1.0,6207.15418,0.0781,109.9016,0.18941,-13.02206,6556.91326,0.00011,
233,N_uso_300ms_5_room-10-35-3_dist-20.wav,5,54.43488,-25.00001,-39.55262,1.0,10783.39142,0.33657,221.62013,0.21155,-23.30684,12763.95584,0.00079,0.00079
234,N_uso_300ms_7_room-10-35-3_dist-2375.wav,7,56.70141,-25.0,-37.28344,5.0,2426.90017,0.01745,135.35556,0.26184,-3.33261,4387.34448,0.06934,0.07289
235,N_uso_300ms_18_room-10-35-3_dist-180.wav,18,55.20402,-25.00003,-38.78217,2.0,11354.56393,0.31501,166.24281,0.18145,-19.89016,13061.88952,0.00544,0.00544
236,N_uso_300ms_14_room-10-35-3_dist-1080.wav,14,54.55332,-24.99998,-39.42764,4.0,4720.34217,0.08458,124.22344,0.19801,-9.4218,7001.4014,0.00918,0.02132
237,N_uso_300ms_18_room-10-35-3_dist-1080.wav,18,55.65281,-25.0,-38.33319,4.0,8914.50896,0.27942,161.1835,0.22621,-16.14611,13061.88952,0.03166,0.03515
238,N_uso_300ms_11_room-10-35-3_dist-198.wav,11,54.87078,-25.00001,-39.11087,2.0,10905.33488,0.31697,199.57196,0.20097,-12.61749,13178.0649,0.00596,0.00544
239,N_uso_300ms_28_room-10-35-3_dist-2750.wav,28,56.9168,-25.39849,-37.07274,5.0,1767.93857,0.0173,192.73628,0.31385,-6.73687,3538.41813,0.08027,0.07299
240,N_uso_300ms_10_room-10-35-3_dist-1200.wav,10,55.07224,-25.49274,-38.92152,4.0,7554.29883,0.09445,183.12804,0.2277,-11.01598,9079.78731,0.0112,0.02591
241,N_uso_300ms_5_room-10-35-3_dist-2625.wav,5,57.90853,-25.33675,-36.07285,5.0,4521.20227,0.1559,244.37818,0.33792,-1.56512,12763.95584,0.07662,
242,N_uso_300ms_25_room-10-35-3_dist-1200.wav,25,54.77424,-25.55986,-39.20711,4.0,5035.62947,0.15957,124.4416,0.21571,-16.91747,9781.01857,0.00014,
243,N_uso_300ms_21_room-10-35-3_dist-1080.wav,21,55.34941,-25.4977,-38.64502,4.0,2244.10097,0.02472,253.03521,0.26718,-7.77845,5953.88393,2e-05,5e-05
244,N_uso_300ms_3_room-10-35-3_dist-525.wav,3,55.2084,-25.64522,-38.78217,3.0,3428.4083,0.09228,111.57506,0.18357,-7.09219,6425.33807,7e-05,4e-05
245,N_uso_300ms_11_room-10-35-3_dist-2750.wav,11,56.28379,-24.99999,-37.70044,5.0,6468.00411,0.21739,185.62804,0.30048,-3.8887,13178.0649,0.08027,0.07299
246,N_uso_300ms_7_room-10-35-3_dist-162.wav,7,56.17877,-24.99999,-37.80275,2.0,3499.65916,0.03716,175.30849,0.18859,-5.74738,4387.34448,0.00492,0.00544
247,N_uso_300ms_19_room-10-35-3_dist-198.wav,19,55.03364,-24.44024,-38.96847,2.0,5069.41122,0.10166,139.86985,0.22629,-12.91209,6219.02942,0.00596,0.00544
248,N_uso_300ms_18_room-10-35-3_dist-1320.wav,18,55.64566,-25.00002,-38.35509,4.0,8439.19735,0.27287,165.02226,0.2307,-14.89972,13061.88952,0.03864,0.03515
249,N_uso_300ms_2_room-10-35-3_dist-475.wav,2,55.64221,-25.00002,-38.35509,3.0,3871.83693,0.10703,153.29561,0.23522,-6.27537,5983.07423,0.01404,0.01476
250,N_uso_300ms_25_room-10-35-3_dist-2250.wav,25,55.36675,-25.00002,-38.62237,5.0,4425.3845,0.13443,117.49308,0.22998,-15.78228,9781.01857,5e-05,
251,N_uso_300ms_7_room-10-35-3_dist-189.wav,7,56.21602,-24.99998,-37.78219,2.0,3304.32047,0.03646,161.97953,0.19076,-5.93892,4387.34448,0.00571,0.00544
252,N_uso_300ms_22_room-10-35-3_dist-171.wav,22,55.87136,-25.00001,-38.11711,2.0,7482.31633,0.22445,104.25709,0.12254,-15.56037,11799.12829,0.00522,0.00547
253,N_uso_300ms_10_room-10-35-3_dist-180.wav,10,54.15981,-25.0,-39.83407,2.0,8479.16234,0.09409,204.26885,0.21429,-14.58427,9079.78731,0.00544,
254,N_uso_300ms_28_room-10-35-3_dist-2625.wav,28,56.87951,-25.40036,-37.11067,5.0,1766.02667,0.01705,201.75006,0.30871,-9.31533,3538.41813,0.07662,0.07299
255,N_uso_300ms_14_room-10-35-3_dist-1320.wav,14,54.98191,-24.99998,-39.01568,4.0,4754.50982,0.08695,139.56104,0.22724,-8.17979,7001.4014,0.03864,0.02132
256,N_uso_300ms_21_room-10-35-3_dist-1320.wav,21,55.85318,-25.00001,-38.13848,4.0,2150.38752,0.02288,232.1384,0.27161,-6.94181,5953.88393,0.00011,5e-05
257,N_uso_300ms_5_room-10-35-3_dist-2750.wav,5,57.85848,-25.33614,-36.1236,5.0,4464.20175,0.14474,242.78236,0.34326,-0.66954,12763.95584,0.08027,
258,N_uso_300ms_10_room-10-35-3_dist-2250.wav,10,55.3207,-25.43712,-38.66773,5.0,6847.37183,0.0856,195.78452,0.27858,-10.51942,9079.78731,0.06571,0.07299
259,N_uso_300ms_5_room-10-35-3_dist-21.wav,5,54.42802,-25.00001,-39.55262,1.0,10859.69606,0.33286,230.9816,0.2115,-23.37834,12763.95584,0.00082,0.00079
260,N_uso_300ms_17_room-10-35-3_dist-18.wav,17,53.22152,-24.99999,-40.76657,1.0,6172.67091,0.07472,132.41122,0.19201,-9.28132,6556.91326,0.00077,
261,N_uso_300ms_11_room-10-35-3_dist-2625.wav,11,56.23672,-25.00001,-37.76168,5.0,6457.25341,0.22928,193.27433,0.29298,-4.05314,13178.0649,0.07662,0.07299
262,N_uso_300ms_20_room-10-35-3_dist-18.wav,20,53.74682,-25.0,-40.23319,1.0,10459.17168,0.32652,151.86606,0.21043,-32.89015,11169.41205,0.00073,0.00079
263,N_uso_300ms_3_room-10-35-3_dist-450.wav,3,55.17957,-25.64796,-38.80524,3.0,3505.97158,0.09309,120.17423,0.18043,-7.72988,6425.33807,2e-05,4e-05
264,N_uso_300ms_2_room-10-35-3_dist-2750.wav,2,56.48398,-25.43928,-37.49937,5.0,2494.68711,0.05299,144.5584,0.27069,-1.81039,5983.07423,0.02295,0.01894
265,N_uso_300ms_18_room-10-35-3_control.wav,18,60.01876,-24.99997,-33.97092,,13061.88952,0.41588,227.84804,0.14762,-38.93773,13061.88952,0.00036,
266,N_uso_300ms_20_room-10-35-3_dist-20.wav,20,53.72172,-25.00002,-40.26046,1.0,10341.6677,0.31984,141.69095,0.21025,-32.43789,11169.41205,0.00079,0.00079
267,N_uso_300ms_21_room-10-35-3_dist-2375.wav,21,55.28378,-25.49685,-38.71333,5.0,2144.90532,0.01924,226.3506,0.27217,-5.51621,5953.88393,5e-05,4e-05
268,N_uso_300ms_5_room-10-35-3_dist-19.wav,5,54.42722,-25.0,-39.55262,1.0,10860.16211,0.335,221.78655,0.21194,-23.37337,12763.95584,0.00075,0.00079
269,N_uso_300ms_17_room-10-35-3_dist-20.wav,17,53.18777,-25.00001,-40.79557,1.0,6253.00436,0.07934,127.80928,0.19402,-9.61292,6556.91326,0.00084,
270,N_uso_300ms_11_room-10-35-3_dist-162.wav,11,54.83846,-24.99998,-39.15885,2.0,11190.7776,0.31851,196.5584,0.19868,-12.97684,13178.0649,0.00492,0.00544
271,N_uso_300ms_28_room-10-35-3_dist-1260.wav,28,57.31393,-25.40064,-36.6661,4.0,1829.76446,0.02283,186.74884,0.26018,-10.88258,3538.41813,0.03689,0.03515
272,N_uso_300ms_14_room-10-35-3_dist-475.wav,14,54.64823,-24.99998,-39.3535,3.0,5256.07187,0.10534,140.44411,0.19455,-10.98214,7001.4014,0.01404,0.01476
273,N_uso_300ms_17_room-10-35-3_dist-2250.wav,17,54.85964,-25.0,-39.13483,5.0,4931.88275,0.03478,135.87585,0.26018,-6.45543,6556.91326,0.06576,0.07304
274,N_uso_300ms_11_room-10-35-3_dist-189.wav,11,54.86374,-25.0,-39.13483,2.0,10878.67306,0.31838,204.75636,0.20139,-12.69935,13178.0649,0.00571,0.00544
275,N_uso_300ms_3_room-10-35-3_dist-1200.wav,3,55.97193,-24.99998,-38.01105,4.0,3038.93952,0.07169,116.45331,0.19482,-4.47739,6425.33807,5e-05,
276,N_uso_300ms_17_room-10-35-3_dist-180.wav,17,53.47896,-24.99999,-40.50983,2.0,6340.41415,0.06942,150.2355,0.19682,-8.26747,6556.91326,0.00549,0.00549
277,N_uso_300ms_25_room-10-35-3_dist-171.wav,25,54.77589,-25.0,-39.20711,2.0,7632.25882,0.24757,128.64394,0.21148,-19.64775,9781.01857,0.00524,
278,N_uso_300ms_22_room-10-35-3_dist-2250.wav,22,54.13627,-25.75723,-39.86011,5.0,5324.29261,0.13212,93.53918,0.18769,-9.2699,11799.12829,0.06574,0.07301
279,N_uso_300ms_18_room-10-35-3_dist-2375.wav,18,56.21544,-24.99998,-37.78219,5.0,7259.10804,0.25056,170.77855,0.26101,-9.76293,13061.88952,0.06934,0.07299
280,N_uso_300ms_14_room-10-35-3_dist-2375.wav,14,54.76579,-25.55423,-39.23134,5.0,4244.24851,0.06952,132.61937,0.20864,-6.90522,7001.4014,0.01551,
281,N_uso_300ms_7_room-10-35-3_dist-1080.wav,7,56.37886,-25.49286,-37.61945,4.0,2723.01749,0.0233,149.06948,0.22772,-5.93721,4387.34448,0.03166,0.03515
282,N_uso_300ms_11_room-10-35-3_dist-1260.wav,11,56.21122,-25.00001,-37.78219,4.0,7927.41238,0.25743,199.32365,0.24646,-7.00824,13178.0649,0.03689,0.03515
283,N_uso_300ms_5_room-10-35-3_dist-475.wav,5,56.13249,-25.0,-37.86472,3.0,7660.30749,0.23473,273.54436,0.24806,-12.98679,12763.95584,0.01404,0.01476
284,N_uso_300ms_19_room-10-35-3_dist-189.wav,19,55.03715,-24.44169,-38.94496,2.0,4969.99804,0.10313,132.79271,0.22575,-13.14463,6219.02942,0.00571,0.00544
285,N_uso_300ms_7_room-10-35-3_dist-198.wav,7,56.24546,-24.99999,-37.74122,2.0,3262.82505,0.0366,164.59856,0.19248,-5.96159,4387.34448,0.00596,0.00544
286,N_uso_300ms_3_room-10-35-3_dist-2250.wav,3,56.0289,-25.55856,-37.96899,5.0,2594.65344,0.05603,107.85023,0.20554,-3.74792,6425.33807,9e-05,
287,N_uso_300ms_19_room-10-35-3_dist-162.wav,19,54.495,-25.00001,-39.50241,2.0,5042.79257,0.1015,142.91081,0.22309,-13.52909,6219.02942,0.00492,0.00544
288,N_uso_300ms_2_room-10-35-3_dist-2625.wav,2,56.59588,-25.44063,-37.40055,5.0,2486.83287,0.05312,152.49566,0.26212,-1.64009,5983.07423,0.00401,0.01894
289,N_uso_300ms_22_room-10-35-3_dist-1200.wav,22,54.91986,-25.76674,-39.06314,4.0,5857.79919,0.15318,107.55888,0.15515,-10.35458,11799.12829,0.03517,0.03517
290,N_uso_300ms_14_room-10-35-3_dist-500.wav,14,54.78042,-25.0,-39.20711,3.0,5367.34991,0.11244,149.44277,0.19616,-10.84298,7001.4014,0.01476,0.01476
291,N_uso_300ms_7_room-10-35-3_dist-1320.wav,7,56.97623,-25.0,-37.01616,4.0,2552.00564,0.02337,139.43134,0.23406,-5.31755,4387.34448,0.03864,0.03515
292,N_uso_300ms_28_room-10-35-3_dist-22.wav,28,56.03899,-24.99998,-37.94804,1.0,2788.1802,0.06462,184.48251,0.19287,-17.00693,3538.41813,0.00084,0.00079
293,N_uso_300ms_5_room-10-35-3_dist-1260.wav,5,57.20785,-25.00003,-36.77513,4.0,5907.6452,0.18986,261.48397,0.29186,-5.66048,12763.95584,0.03689,0.03253
294,N_uso_300ms_17_room-10-35-3_dist-1200.wav,17,54.42074,-25.00002,-39.57783,4.0,5341.07571,0.03986,139.32095,0.22634,-7.68174,6556.91326,0.03519,
295,N_uso_300ms_5_room-10-35-3_dist-500.wav,5,56.25396,-24.99999,-37.74122,3.0,7270.21553,0.22258,267.96521,0.25001,-12.21268,12763.95584,0.01476,0.01476
296,N_uso_300ms_17_room-10-35-3_dist-21.wav,17,53.16421,-24.99999,-40.82467,1.0,6107.63217,0.07632,128.13755,0.19527,-9.5068,6556.91326,0.00086,
297,N_uso_300ms_5_room-10-35-3_dist-18.wav,5,54.4308,-24.99999,-39.55262,1.0,10839.5777,0.33884,233.93249,0.21199,-23.38853,12763.95584,0.00073,0.00079
298,N_uso_300ms_20_room-10-35-3_dist-21.wav,20,53.72125,-24.99999,-40.26046,1.0,10381.48704,0.32039,146.62456,0.21013,-32.74273,11169.41205,0.00082,0.00079
299,N_uso_300ms_17_room-10-35-3_dist-550.wav,17,53.18129,-25.0,-40.82467,3.0,5467.96806,0.05683,120.36172,0.20039,-9.77778,6556.91326,0.00014,
300,N_uso_300ms_19_room-10-35-3_dist-1140.wav,19,55.64279,-24.99999,-38.35509,4.0,3791.6293,0.06227,149.22959,0.2722,-8.04277,6219.02942,0.0334,0.02812
301,N_uso_300ms_27_room-10-35-3_control.wav,27,59.15346,-25.00002,-34.83327,,4314.0991,0.09229,287.62905,0.1262,-52.20326,4314.0991,0.00039,
302,N_uso_300ms_28_room-10-35-3_dist-20.wav,28,55.87033,-24.99998,-38.11711,1.0,2794.79557,0.06275,183.93019,0.19765,-17.43593,3538.41813,0.00079,0.00079
303,N_uso_300ms_10_room-10-35-3_control.wav,10,59.04585,-24.99998,-34.93624,,9079.78731,0.15029,410.42511,0.17382,-15.67747,9079.78731,0.00036,
304,N_uso_300ms_22_room-10-35-3_dist-189.wav,22,56.0623,-25.00002,-37.92713,2.0,7243.92689,0.21177,104.60474,0.12209,-15.12729,11799.12829,0.00574,0.00547
305,N_uso_300ms_27_room-10-35-3_dist-475.wav,27,55.11455,-25.0,-38.87482,3.0,3806.86971,0.04492,207.52047,0.18717,-13.95052,4314.0991,0.01406,0.01478
306,N_uso_300ms_20_room-10-35-3_dist-1140.wav,20,55.51008,-25.00001,-38.48771,4.0,6877.00209,0.20951,180.11116,0.2696,-27.2747,11169.41205,0.0334,
307,N_uso_300ms_22_room-10-35-3_dist-162.wav,22,55.79167,-24.99999,-38.2029,2.0,7628.7808,0.22854,106.49688,0.12354,-15.87301,11799.12829,0.00494,0.00547
308,N_uso_300ms_7_room-10-35-3_dist-171.wav,7,56.40267,-24.99998,-37.57924,2.0,3546.56265,0.03997,171.5702,0.18641,-5.6463,4387.34448,0.00519,0.00544
309,N_uso_300ms_19_room-10-35-3_dist-2500.wav,19,55.77171,-25.43856,-38.22448,5.0,3454.1368,0.04734,126.58759,0.26213,-5.9946,6219.02942,0.00472,0.00102
310,N_uso_300ms_25_room-10-35-3_dist-198.wav,25,54.72744,-25.00001,-39.25563,2.0,7683.39087,0.24362,128.32657,0.21334,-19.17869,9781.01857,0.00601,
311,N_uso_300ms_14_room-10-35-3_control.wav,14,59.83025,-24.99999,-34.1583,,7001.4014,0.22843,263.97967,0.14675,-31.46625,7001.4014,0.00036,
312,N_uso_300ms_20_room-10-35-3_dist-2500.wav,20,55.04446,-25.49063,-38.94496,5.0,5788.09351,0.17887,216.449,0.25055,-26.32794,11169.41205,2e-05,4e-05
313,N_uso_300ms_27_room-10-35-3_dist-500.wav,27,54.89485,-25.0,-39.08697,3.0,3853.39825,0.04364,198.87643,0.19332,-14.70576,4314.0991,0.01478,0.01478
314,N_uso_300ms_28_room-10-35-3_dist-21.wav,28,55.97642,-25.00001,-38.01105,1.0,2771.90073,0.06334,184.26044,0.19495,-16.97413,3538.41813,0.00082,0.00079
315,N_uso_300ms_17_room-10-35-3_dist-22.wav,17,53.1766,-24.99999,-40.82467,1.0,6105.80154,0.07208,128.86395,0.19465,-9.55919,6556.91326,0.00088,
316,N_uso_300ms_20_room-10-35-3_dist-22.wav,20,53.73128,-25.0,-40.26046,1.0,10371.8538,0.32171,138.99538,0.21035,-32.74429,11169.41205,0.00084,0.00079
317,N_uso_300ms_22_room-10-35-3_dist-2625.wav,22,54.52712,-24.99988,-39.45249,5.0,5250.33177,0.13294,98.85924,0.2051,-8.63869,11799.12829,0.07664,0.07301
318,N_uso_300ms_2_room-10-35-3_dist-1200.wav,2,56.24747,-25.44388,-37.74122,4.0,3127.84588,0.07399,160.90804,0.25554,-3.38875,5983.07423,0.02238,0.02241
319,N_uso_300ms_21_room-10-35-3_dist-21.wav,21,53.61414,-24.99999,-40.37041,1.0,4166.23758,0.07439,276.98886,0.21684,-14.00735,5953.88393,2e-05,4e-05
320,N_uso_300ms_22_room-10-35-3_dist-500.wav,22,56.07703,-25.00001,-37.90628,3.0,6645.68102,0.18633,99.84147,0.13208,-13.31427,11799.12829,0.01478,0.01478
321,N_uso_300ms_19_room-10-35-3_dist-2375.wav,19,54.94426,-25.00002,-39.03938,5.0,3020.23979,0.03966,109.63821,0.21423,-6.49003,6219.02942,2e-05,0.00102
322,N_uso_300ms_10_room-10-35-3_dist-1260.wav,10,55.556,-25.00003,-38.44328,4.0,7463.44754,0.08782,206.37606,0.24679,-11.96853,9079.78731,0.03689,0.02591
323,N_uso_300ms_3_room-10-35-3_dist-2750.wav,3,56.30079,-25.43887,-37.68012,5.0,3111.07068,0.06373,128.44092,0.28402,0.54276,6425.33807,0.08027,
324,N_uso_300ms_25_room-10-35-3_dist-1260.wav,25,55.98169,-25.00001,-38.01105,4.0,5358.55829,0.16518,129.06857,0.26161,-9.48515,9781.01857,0.03694,
325,N_uso_300ms_20_room-10-35-3_dist-2375.wav,20,55.11885,-25.49338,-38.87482,5.0,5219.28651,0.15904,170.6632,0.24788,-25.78644,11169.41205,2e-05,4e-05
326,N_uso_300ms_27_room-10-35-3_dist-1320.wav,27,54.46498,-25.55923,-39.52748,4.0,3488.25376,0.03646,212.88106,0.22643,-12.35174,4314.0991,0.03866,0.03517
327,N_uso_300ms_20_room-10-35-3_dist-198.wav,20,54.32468,-24.99997,-39.67942,2.0,9252.42543,0.26359,173.96306,0.22408,-30.99021,11169.41205,0.00596,0.00544
328,N_uso_300ms_25_room-10-35-3_dist-20.wav,25,54.80017,-24.99999,-39.18295,1.0,8854.29832,0.32283,143.3148,0.20095,-23.57852,9781.01857,0.00084,0.00083
329,N_uso_300ms_17_room-10-35-3_dist-2625.wav,17,54.7671,-25.48839,-39.23134,5.0,5100.91247,0.03671,139.25058,0.26837,-7.07159,6556.91326,0.07667,0.07304
330,N_uso_300ms_27_room-10-35-3_dist-189.wav,27,54.4183,-24.99997,-39.57783,2.0,3765.22491,0.04978,192.92054,0.17429,-15.77057,4314.0991,0.00574,0.00547
331,N_uso_300ms_22_room-10-35-3_dist-475.wav,22,56.0525,-25.0,-37.92713,3.0,6525.17516,0.17925,102.34498,0.12989,-13.4277,11799.12829,0.01406,0.01478
332,N_uso_300ms_25_room-10-35-3_dist-21.wav,25,54.8056,-25.0,-39.18295,1.0,8905.35256,0.32076,127.31852,0.20095,-23.37548,9781.01857,0.00086,0.00083
333,N_uso_300ms_22_room-10-35-3_dist-2750.wav,22,54.61113,-25.64546,-39.37815,5.0,5291.55806,0.13654,94.20516,0.20896,-7.09132,11799.12829,0.08029,0.07301
334,N_uso_300ms_3_room-10-35-3_dist-550.wav,3,55.09526,-25.64403,-38.89814,3.0,3401.52327,0.08933,115.28585,0.18841,-7.50512,6425.33807,2e-05,4e-05
335,N_uso_300ms_27_room-10-35-3_dist-162.wav,27,54.40338,-24.99999,-39.57783,2.0,3944.26108,0.05505,196.69003,0.17578,-16.88216,4314.0991,0.00494,0.00547
336,N_uso_300ms_2_room-10-35-3_dist-171.wav,2,54.96679,-24.99998,-39.01568,2.0,4347.00178,0.13514,153.12582,0.21972,-9.62882,5983.07423,0.00519,0.00544
337,N_uso_300ms_2_room-10-35-3_dist-2250.wav,2,56.28552,-25.44096,-37.70044,5.0,2743.54773,0.05983,154.77876,0.26686,-2.69308,5983.07423,0.02256,0.01894
338,N_uso_300ms_28_room-10-35-3_dist-198.wav,28,56.52726,-25.0,-37.45971,2.0,2342.74562,0.04339,185.49234,0.21258,-14.84017,3538.41813,0.00596,0.00544
339,N_uso_300ms_3_room-10-35-3_dist-2625.wav,3,56.33598,-25.439,-37.65985,5.0,3120.8327,0.06488,126.97298,0.28032,0.11766,6425.33807,0.07662,
340,N_uso_300ms_17_room-10-35-3_dist-2750.wav,17,54.78454,-25.48523,-39.20711,5.0,5194.20859,0.03777,134.31903,0.27101,-5.27922,6556.91326,0.08032,0.07304
341,N_uso_300ms_19_room-10-35-3_control.wav,19,59.41346,-25.0,-34.57397,,6219.02942,0.19052,354.46677,0.17291,-16.27618,6219.02942,0.00036,
342,N_uso_300ms_27_room-10-35-3_dist-1080.wav,27,54.95349,-25.0,-39.03938,4.0,3561.43573,0.03708,213.10631,0.20541,-12.43882,4314.0991,0.03168,0.03517
343,N_uso_300ms_21_room-10-35-3_dist-20.wav,21,53.80261,-24.99997,-40.1789,1.0,4135.14916,0.07298,237.41043,0.21613,-14.18039,5953.88393,5e-05,4e-05
344,N_uso_300ms_21_room-10-35-3_dist-180.wav,21,54.37625,-25.0,-39.60312,2.0,3632.00173,0.0499,269.10572,0.23355,-12.43888,5953.88393,2e-05,3e-05
345,N_uso_300ms_10_room-10-35-3_dist-525.wav,10,53.8448,-25.0,-40.15188,3.0,7611.80828,0.10285,142.92719,0.18387,-11.91336,9079.78731,2e-05,
346,N_uso_300ms_21_room-10-35-3_dist-22.wav,21,53.56914,-24.99999,-40.42591,1.0,4229.04001,0.07142,241.38881,0.21559,-13.93583,5953.88393,2e-05,4e-05
347,N_uso_300ms_21_room-10-35-3_dist-1140.wav,21,55.93058,-24.99999,-38.05332,4.0,2203.71559,0.02494,294.41124,0.26882,-6.89326,5953.88393,2e-05,5e-05
348,N_uso_300ms_18_room-10-35-3_dist-450.wav,18,55.41073,-24.99998,-38.57725,3.0,10056.12757,0.2998,148.32968,0.19348,-18.51204,13061.88952,0.01331,0.01476
349,N_uso_300ms_28_room-10-35-3_dist-171.wav,28,56.45192,-24.43404,-37.53921,2.0,2436.02729,0.04567,186.82137,0.20684,-15.95671,3538.41813,0.00519,0.00544
350,N_uso_300ms_19_room-10-35-3_dist-475.wav,19,55.06285,-24.99999,-38.92152,3.0,4334.68303,0.07517,139.43613,0.24627,-11.07659,6219.02942,0.01404,
351,N_uso_300ms_2_room-10-35-3_dist-198.wav,2,54.96388,-24.99997,-39.01568,2.0,4365.57306,0.1281,161.65229,0.21999,-8.43387,5983.07423,0.00596,0.00544
352,N_uso_300ms_18_room-10-35-3_dist-1140.wav,18,55.66605,-25.00003,-38.33319,4.0,8662.36777,0.28008,156.73372,0.2254,-15.88257,13061.88952,0.0334,0.03515
353,N_uso_300ms_22_room-10-35-3_control.wav,22,59.59883,-25.00002,-34.37751,,11799.12829,0.37603,271.51475,0.07407,-59.83383,11799.12829,0.00039,
354,N_uso_300ms_14_room-10-35-3_dist-1140.wav,14,54.53134,-25.55566,-39.45249,4.0,4743.70301,0.08979,137.28812,0.21742,-9.08678,7001.4014,0.0334,0.02132
355,N_uso_300ms_11_room-10-35-3_dist-500.wav,11,55.58887,-25.00001,-38.39907,3.0,9513.13789,0.28951,177.16058,0.21572,-9.49201,13178.0649,0.01476,0.01476
356,N_uso_300ms_21_room-10-35-3_dist-2500.wav,21,56.25243,-25.44265,-37.74122,5.0,1784.19639,0.01838,241.23771,0.28242,-3.98963,5953.88393,2e-05,4e-05
357,N_uso_300ms_20_room-10-35-3_dist-171.wav,20,54.33312,-25.0,-39.65391,2.0,9235.06848,0.25426,179.2101,0.22243,-31.8768,11169.41205,0.00519,0.00544
358,N_uso_300ms_25_room-10-35-3_dist-22.wav,25,54.80748,-25.0,-39.18295,1.0,8820.37173,0.32115,143.53772,0.20103,-23.23019,9781.01857,0.00088,0.00083
359,N_uso_300ms_10_room-10-35-3_dist-450.wav,10,55.38196,-24.44167,-38.59978,3.0,8037.53743,0.09782,206.38593,0.21189,-11.8117,9079.78731,0.01331,
360,N_uso_300ms_21_room-10-35-3_dist-550.wav,21,55.09758,-25.0,-38.89814,3.0,2711.54156,0.03171,250.69009,0.25212,-9.23596,5953.88393,2e-05,2e-05
361,N_uso_300ms_5_room-10-35-3_dist-162.wav,5,54.57401,-24.99999,-39.42764,2.0,9668.76582,0.28129,239.66967,0.22543,-20.4424,12763.95584,0.00492,0.00544
362,N_uso_300ms_5_room-10-35-3_dist-189.wav,5,55.27364,-24.43371,-38.71333,2.0,9146.37611,0.27138,223.42311,0.22754,-19.30409,12763.95584,0.00571,0.00544
363,N_uso_300ms_18_room-10-35-3_dist-525.wav,18,55.43634,-24.99999,-38.55478,3.0,9737.15012,0.2979,152.93781,0.19797,-17.84345,13061.88952,0.01549,0.01476
364,N_uso_300ms_18_room-10-35-3_dist-2500.wav,18,55.88657,-25.44223,-38.0958,5.0,7444.51698,0.24999,158.62248,0.27255,-11.08783,13061.88952,0.07299,0.07299
365,N_uso_300ms_3_room-10-35-3_dist-180.wav,3,54.04723,-25.76814,-39.93872,2.0,4132.68458,0.12149,113.83292,0.16913,-10.02212,6425.33807,2e-05,0.0001
366,N_uso_300ms_11_room-10-35-3_control.wav,11,59.83247,-25.00001,-34.1583,,13178.0649,0.43174,276.28619,0.15884,-21.41771,13178.0649,0.00036,
367,N_uso_300ms_19_room-10-35-3_dist-500.wav,19,54.93533,-25.00001,-39.06314,3.0,4053.1405,0.07399,116.11973,0.19551,-10.12203,6219.02942,2e-05,
368,N_uso_300ms_14_room-10-35-3_dist-162.wav,14,54.83878,-24.35359,-39.15885,2.0,5972.15946,0.13735,115.32594,0.17805,-12.96463,7001.4014,0.00492,0.00544
369,N_uso_300ms_11_room-10-35-3_dist-475.wav,11,55.5388,-25.0,-38.44328,3.0,9658.13396,0.29142,175.52203,0.21511,-10.16912,13178.0649,0.01404,0.01476
370,N_uso_300ms_14_room-10-35-3_dist-189.wav,14,54.77773,-24.3536,-39.20711,2.0,5603.53714,0.12418,118.69614,0.181,-12.90045,7001.4014,0.00571,0.00544
371,N_uso_300ms_14_room-10-35-3_dist-2500.wav,14,54.65255,-25.48895,-39.32893,5.0,4239.9144,0.06387,134.01869,0.26422,-6.60788,7001.4014,0.07299,
372,N_uso_300ms_7_room-10-35-3_dist-1140.wav,7,56.36319,-25.49227,-37.61945,4.0,2734.1052,0.02261,159.12359,0.22792,-5.92102,4387.34448,0.0334,0.03515
373,N_uso_300ms_2_room-10-35-3_dist-162.wav,2,54.92573,-24.99999,-39.06314,2.0,4480.88989,0.13988,155.63276,0.21927,-9.69253,5983.07423,0.00492,0.00544
374,N_uso_300ms_7_room-10-35-3_control.wav,7,60.96611,-25.00001,-33.01878,,4387.34448,0.06937,737.19283,0.13749,1.39273,4387.34448,0.00036,
375,N_uso_300ms_7_room-10-35-3_dist-475.wav,7,56.94426,-25.00001,-37.05384,3.0,3099.33413,0.03077,149.53908,0.20056,-6.82437,4387.34448,0.01404,0.01476
376,N_uso_300ms_2_room-10-35-3_dist-189.wav,2,55.02505,-25.00001,-38.96847,2.0,4353.65368,0.13363,156.93719,0.2194,-8.89558,5983.07423,0.00571,0.00544
377,N_uso_300ms_27_room-10-35-3_dist-171.wav,27,54.29912,-25.00001,-39.705,2.0,3840.87656,0.05281,201.98785,0.17435,-16.56953,4314.0991,0.00522,0.00547
378,N_uso_300ms_17_room-10-35-3_dist-450.wav,17,53.14252,-24.99999,-40.85387,3.0,5576.4235,0.05395,120.4249,0.19837,-10.2222,6556.91326,2e-05,
379,N_uso_300ms_7_room-10-35-3_dist-2500.wav,7,56.62056,-25.4397,-37.36134,5.0,2414.16256,0.0203,131.95771,0.27125,-3.08452,4387.34448,0.07299,0.07289
380,N_uso_300ms_5_room-10-35-3_dist-198.wav,5,55.23722,-24.99997,-38.75916,2.0,9093.93933,0.26994,243.52616,0.23015,-19.01252,12763.95584,0.00596,0.00544
381,N_uso_300ms_7_room-10-35-3_dist-500.wav,7,57.09152,-25.0,-36.90408,3.0,3002.02347,0.03021,140.86621,0.20272,-6.33668,4387.34448,0.01476,0.01476
382,N_uso_300ms_3_room-10-35-3_control.wav,3,59.19872,-25.00002,-34.78951,,6425.33807,0.30821,305.78584,0.09433,-8.54993,6425.33807,5e-05,
383,N_uso_300ms_17_room-10-35-3_dist-525.wav,17,53.1559,-25.0,-40.82467,3.0,5312.71472,0.04817,122.70198,0.19793,-9.37162,6556.91326,2e-05,
384,N_uso_300ms_14_room-10-35-3_dist-198.wav,14,54.85057,-25.0,-39.13483,2.0,5773.18972,0.1276,318.57862,0.18194,-12.67385,7001.4014,0.00596,0.00544
385,N_uso_300ms_5_room-10-35-3_dist-2250.wav,5,57.83591,-25.0,-36.1576,5.0,4506.22221,0.15776,250.7999,0.32385,-2.46897,12763.95584,0.06571,
386,N_uso_300ms_21_room-10-35-3_dist-18.wav,21,53.66459,-24.22512,-40.31526,1.0,4195.16258,0.0667,299.43226,0.21379,-14.10816,5953.88393,5e-05,4e-05
387,N_uso_300ms_14_room-10-35-3_dist-171.wav,14,54.90184,-24.35487,-39.08697,2.0,5738.88785,0.12561,123.63386,0.17888,-12.83452,7001.4014,0.00519,0.00544
388,N_uso_300ms_20_room-10-35-3_dist-1080.wav,20,55.49844,-25.0,-38.48771,4.0,7151.38012,0.21476,186.85693,0.26953,-27.75893,11169.41205,0.03166,
389,N_uso_300ms_10_room-10-35-3_dist-2750.wav,10,55.76852,-24.99998,-38.22448,5.0,6700.4956,0.09049,182.78014,0.29075,-9.05614,9079.78731,0.08027,0.07299
390,N_uso_300ms_28_room-10-35-3_dist-1200.wav,28,56.89613,-25.44442,-37.09169,4.0,1976.1385,0.0246,187.24741,0.24819,-10.10299,3538.41813,0.03515,0.03515
391,N_uso_300ms_3_room-10-35-3_dist-1260.wav,3,55.72412,-25.55802,-38.2678,4.0,2890.10467,0.06723,118.99678,0.20339,-4.82795,6425.33807,7e-05,
392,N_uso_300ms_25_room-10-35-3_dist-2750.wav,25,55.38046,-24.99998,-38.59978,5.0,4240.87087,0.12757,115.36147,0.2303,-16.6548,9781.01857,2e-05,
393,N_uso_300ms_5_room-10-35-3_dist-171.wav,5,55.20134,-24.43229,-38.78217,2.0,9530.7553,0.27659,249.74365,0.22519,-19.53867,12763.95584,0.00519,0.00544
394,N_uso_300ms_19_room-10-35-3_dist-1080.wav,19,55.56481,-24.99999,-38.42115,4.0,4036.38244,0.06179,139.86167,0.27148,-7.51633,6219.02942,0.03166,0.02812
395,N_uso_300ms_25_room-10-35-3_dist-475.wav,25,54.48298,-25.00002,-39.50241,3.0,6432.87954,0.20008,121.41242,0.20577,-21.15399,9781.01857,0.00014,
396,N_uso_300ms_25_room-10-35-3_dist-19.wav,25,54.77458,-25.0,-39.20711,1.0,8880.5143,0.32654,138.33387,0.2017,-23.68769,9781.01857,0.00079,0.00083
397,N_uso_300ms_20_room-10-35-3_dist-189.wav,20,54.34755,-25.0,-39.65391,2.0,9425.24109,0.27634,159.37433,0.22241,-31.4918,11169.41205,0.00571,0.00544
398,N_uso_300ms_11_room-10-35-3_dist-1200.wav,11,55.7307,-25.49175,-38.2678,4.0,7923.64159,0.26226,178.01162,0.24072,-7.17019,13178.0649,0.03515,0.03515
399,N_uso_300ms_20_room-10-35-3_dist-162.wav,20,54.35426,-24.99997,-39.62848,2.0,9324.61123,0.26365,178.07442,0.22044,-31.61202,11169.41205,0.00492,0.00544
400,N_uso_300ms_27_room-10-35-3_dist-2375.wav,27,54.58368,-25.56211,-39.40286,5.0,3250.12293,0.02912,180.07467,0.22258,-9.88208,4314.0991,0.03522,0.03853
401,N_uso_300ms_20_room-10-35-3_dist-1320.wav,20,54.99416,-25.0,-38.99204,4.0,6502.14487,0.20348,161.37698,0.23936,-27.39108,11169.41205,7e-05,
402,N_uso_300ms_27_room-10-35-3_dist-198.wav,27,54.37837,-25.00001,-39.60312,2.0,3837.97625,0.05397,224.79082,0.18157,-16.0108,4314.0991,0.00599,0.00547
403,N_uso_300ms_25_room-10-35-3_dist-18.wav,25,54.77342,-24.99998,-39.20711,1.0,8927.53868,0.32272,128.25932,0.20159,-23.63706,9781.01857,0.00077,0.00083
404,N_uso_300ms_22_room-10-35-3_dist-1260.wav,22,54.80516,-25.76345,-39.18295,4.0,5742.32947,0.15079,98.27018,0.15841,-10.68052,11799.12829,0.03692,0.03517
405,N_uso_300ms_11_room-10-35-3_dist-2250.wav,11,55.88266,-25.441,-38.11711,5.0,6505.72954,0.23437,202.21622,0.279,-5.36378,13178.0649,0.06571,0.07299
406,N_uso_300ms_10_room-10-35-3_dist-2625.wav,10,55.22927,-25.43504,-38.75916,5.0,6907.98821,0.079,175.00783,0.29066,-9.73321,9079.78731,0.07662,0.07299
407,N_uso_300ms_28_room-10-35-3_dist-162.wav,28,56.62437,-24.43317,-37.36134,2.0,2379.43677,0.04675,188.37584,0.20501,-15.684,3538.41813,0.00492,0.00544
408,N_uso_300ms_19_room-10-35-3_dist-1320.wav,19,56.06359,-25.00001,-37.92713,4.0,3821.28867,0.06545,140.36455,0.2786,-7.14175,6219.02942,0.03864,0.02812
409,N_uso_300ms_25_room-10-35-3_dist-2625.wav,25,55.41602,-25.48996,-38.57725,5.0,4056.17687,0.12325,105.90214,0.23699,-16.39405,9781.01857,7e-05,
410,N_uso_300ms_5_room-10-35-3_dist-1200.wav,5,57.30815,-24.99999,-36.68417,4.0,6051.81815,0.19547,244.99791,0.28118,-5.58587,12763.95584,0.03515,0.03253
411,N_uso_300ms_28_room-10-35-3_dist-189.wav,28,56.59399,-24.43285,-37.40055,2.0,2423.84316,0.04491,189.62545,0.20397,-15.00249,3538.41813,0.00571,0.00544
412,N_uso_300ms_28_room-10-35-3_dist-2250.wav,28,56.78108,-25.00003,-37.20623,5.0,1888.18191,0.01824,211.73761,0.28403,-9.48724,3538.41813,0.06571,0.07299
413,N_uso_300ms_17_room-10-35-3_dist-1260.wav,17,55.03783,-24.99994,-38.94496,4.0,5415.71365,0.04249,136.74866,0.22782,-7.71221,6556.91326,0.03694,
414,N_uso_300ms_21_room-10-35-3_dist-19.wav,21,53.68051,-24.22487,-40.31526,1.0,4259.45512,0.06787,523.77387,0.21389,-14.20694,5953.88393,7e-05,4e-05
415,N_uso_300ms_25_room-10-35-3_dist-500.wav,25,54.51458,-25.0,-39.47741,3.0,6275.42715,0.19858,122.36123,0.20875,-21.19668,9781.01857,0.00016,
